case,phase,seed,K,method,dev_accuracy,test_accuracy,replay_exact,checkpoint_bytes,case_seconds,init_local_calls,init_gradient_samples,init_ul_reals,init_pilot_reals,init_control_bits,init_dl_bits,init_total_re,init_total_re_dl6,init_ul_signal_energy,init_ul_control_pilot_energy,init_norm_scalar_count,init_min_active_clients,init_seconds,init_fixed_fdma_delay_units,init_elastic_fdma_delay_units,full_sisa_local_calls,full_sisa_gradient_samples,full_sisa_ul_reals,full_sisa_pilot_reals,full_sisa_control_bits,full_sisa_dl_bits,full_sisa_total_re,full_sisa_total_re_dl6,full_sisa_ul_signal_energy,full_sisa_ul_control_pilot_energy,full_sisa_norm_scalar_count,full_sisa_min_active_clients,full_sisa_seconds,full_sisa_fixed_fdma_delay_units,full_sisa_elastic_fdma_delay_units,delete_local_calls,delete_gradient_samples,delete_ul_reals,delete_pilot_reals,delete_control_bits,delete_dl_bits,delete_total_re,delete_total_re_dl6,delete_ul_signal_energy,delete_ul_control_pilot_energy,delete_norm_scalar_count,delete_min_active_clients,delete_seconds,delete_fixed_fdma_delay_units,delete_elastic_fdma_delay_units
screen_s10601_K1_random_norm,screen,10601,1,random_norm,0.678,0.6599,True,306256,26.406898300047033,2400,307200,5014942,19200,238080,147002880,78654622.0,29653662.0,29483337.687205493,138240.0,2400,20,8.559397700009868,78654622.0,78654622.0,2280,291840,5168070,18240,226560,147002880,78801030.0,29800070.0,28988916.494135607,131520.0,2280,19,8.766057100030594,78801030.0,78801030.0,2280,291840,5168070,18240,226560,147002880,78801030.0,29800070.0,28988916.494135607,131520.0,2280,19,8.641593599924818,78801030.0,78801030.0
screen_s10601_K2_random_fixed,screen,10601,2,random_fixed,0.6925,0.6752,True,612512,22.983293400029652,2400,307200,451076806,19200,168960,294005760,598183366.0,500181446.0,56982810.675097026,103680.0,0,10,9.369071699911729,776386076.0,598183366.0,2280,291840,482582892,18240,161280,294005760,629684652.0,531682732.0,58395966.18232762,98880.0,0,9,9.027314300066791,776386076.0,629684652.0,1080,138240,167943134,8640,76800,147002880,241491614.0,192490654.0,19120649.741074536,47040.0,0,9,4.270041599986143,482983228.0,241491614.0
screen_s10601_K2_channel_fixed,screen,10601,2,channel_fixed,0.679,0.6639,True,612512,23.03131069999654,2400,307200,363946974,19200,168960,294005760,511053534.0,413051614.0,56971694.05666687,103680.0,0,10,9.642612399999052,776386076.0,511053534.0,2280,291840,371718220,18240,161280,294005760,518819980.0,420818060.0,55839222.65235297,98880.0,0,9,8.906203799997456,776386076.0,518819980.0,1080,138240,57078462,8640,76800,147002880,130626942.0,81625982.0,8470229.623705124,47040.0,0,9,4.16257550008595,261253884.0,130626942.0
screen_s10601_K2_random_norm,screen,10601,2,random_norm,0.6915,0.6751,True,612512,22.729868000024,2400,307200,20557434,19200,245760,294005760,167702394.0,69700474.0,74623928.97168092,142080.0,2400,10,9.576411099988036,174861128.0,167702394.0,2280,291840,22548098,18240,234240,294005760,169686338.0,71684418.0,76929305.54128167,135360.0,2280,9,8.606017100042664,175395844.0,169686338.0,1080,138240,9149398,8640,111360,147002880,82715158.0,33714198.0,27903084.10611505,64320.0,1080,9,4.191643199999817,165430316.0,82715158.0
screen_s10601_K2_channel_norm,screen,10601,2,channel_norm,0.6795,0.664,True,612512,20.915634999983013,2400,307200,17303464,19200,245760,294005760,164448424.0,66446503.99999999,75068721.22698532,142080.0,2400,10,8.313272200059146,172181388.0,164448424.0,2280,291840,17150336,18240,234240,294005760,164288576.0,66286655.99999999,74629463.34161317,135360.0,2280,9,8.234892800101079,172104712.0,164288576.0,1080,138240,4708686,8640,111360,147002880,78274446.0,29273486.0,17104483.41602798,64320.0,1080,9,4.031937699997798,156548892.0,78274446.0
screen_s10601_K4_random_fixed,screen,10601,4,random_fixed,0.713,0.6913,True,1225024,19.20966959989164,2400,307200,2696239542,19200,184320,588011520,2990356662.0,2794352822.0,226990970.64866248,111360.0,0,5,8.270728100091219,5300483952.0,2990356662.0,2280,291840,2783867040,18240,176640,588011520,3077979360.0,2881975520.0,225492923.72076032,106560.0,0,4,8.604277599952184,5300483952.0,3077979360.0,480,61440,278501550,3840,38400,147002880,352026030.0,303025070.0,30744953.019872412,23040.0,0,4,1.8380486000096425,1408104120.0,352026030.0
screen_s10601_K4_channel_fixed,screen,10601,4,channel_fixed,0.697,0.678,True,1225024,20.71017460001167,2400,307200,2095939500,19200,184320,588011520,2390056620.0,2194052780.0,227338563.604024,111360.0,0,5,9.387772299931385,5300483952.0,2390056620.0,2280,291840,2184524048,18240,176640,588011520,2478636368.0,2282632528.0,226815390.25559387,106560.0,0,4,9.05344269995112,5300483952.0,2478636368.0,480,61440,279688292,3840,38400,147002880,353212772.0,304211812.0,31477397.901563343,23040.0,0,4,1.7980566999176517,1412851088.0,353212772.0
screen_s10601_K4_random_norm,screen,10601,4,random_norm,0.7125,0.6906,True,1225024,20.482635999913327,2400,307200,103667656,19200,261120,588011520,397823176.0,201819335.99999997,248870688.04764742,149760.0,2400,5,9.438294699997641,462902576.0,397823176.0,2280,291840,105849730,18240,249600,588011520,399998530.0,203994689.99999997,246690296.4560687,143040.0,2280,4,8.71712069993373,463208384.0,399998530.0,480,61440,16920644,3840,53760,147002880,90452804.0,41451843.99999999,35190909.67106778,30720.0,480,4,1.8492591999238357,361811216.0,90452804.0
screen_s10601_K4_channel_norm,screen,10601,4,channel_norm,0.6975,0.6783,True,1225024,20.20010779995937,2400,307200,84143836,19200,261120,588011520,378299356.0,182295515.99999997,252085647.66665074,149760.0,2400,5,9.489724299986847,456011816.0,378299356.0,2280,291840,87014986,18240,249600,588011520,381163786.0,185159945.99999997,250575625.02158567,143040.0,2280,4,8.433293899986893,459378616.0,381163786.0,480,61440,17226900,3840,53760,147002880,90759060.0,41758099.99999999,36345264.8483695,30720.0,480,4,1.7915377001045272,363036240.0,90759060.0
screen_s10601_K5_random_fixed,screen,10601,5,random_fixed,0.7175,0.695,True,1531280,19.209767500055023,2400,307200,4864034356,19200,192000,735014400,5231656756.0,4986651956.0,355294675.0306489,115200.0,0,4,8.993309499928728,10140251360.0,5231656756.0,2280,291840,4940368664,18240,184320,735014400,5307986264.0,5062981464.0,353542542.09472716,110400.0,0,3,8.376814699964598,10140251360.0,5307986264.0,360,46080,335733140,2880,30720,147002880,409252820.0,360251860.0,30628469.868428495,18240.0,0,3,1.3120468999259174,2046264100.0,409252820.0
screen_s10601_K5_channel_fixed,screen,10601,5,channel_fixed,0.7085,0.6791,True,1531280,18.415917599922977,2400,307200,3629592984,19200,192000,735014400,3997215384.0,3752210584.0,334672805.2678372,115200.0,0,4,8.56500409997534,10140251360.0,3997215384.0,2280,291840,3965326124,18240,184320,735014400,4332943724.0,4087938924.0,338990342.51432705,110400.0,0,3,8.063623199937865,10140251360.0,4332943724.0,360,46080,769812738,2880,30720,147002880,843332418.0,794331458.0,65067195.22067674,18240.0,0,3,1.2827022999990731,4216662090.0,843332418.0
screen_s10601_K5_random_norm,screen,10601,5,random_norm,0.7175,0.696,True,1531280,18.628174300072715,2400,307200,183447344,19200,268800,735014400,551108144.0,306103344.0,378087631.6693914,153600.0,2400,4,8.640907199936919,701479840.0,551108144.0,2280,291840,186433340,18240,257280,735014400,554087420.0,309082620.0,375594067.1682833,146880.0,2280,3,8.125709599931724,701288430.0,554087420.0,360,46080,19830076,2880,42240,147002880,93355516.0,44354555.99999999,34926591.40531823,24000.0,360,3,1.3335634999675676,466777580.0,93355516.0
screen_s10601_K5_channel_norm,screen,10601,5,channel_norm,0.7085,0.6796,True,1531280,18.816322099999525,2400,307200,142294194,19200,268800,735014400,509954994.0,264950193.99999997,363743064.0552255,153600.0,2400,4,8.65204780001659,688081140.0,509954994.0,2280,291840,152936590,18240,257280,735014400,520590670.0,275585870.0,366084346.02997774,146880.0,2280,3,8.329441500012763,701664810.0,520590670.0,360,46080,35410850,2880,42240,147002880,108936290.0,59935329.99999999,69377494.6313053,24000.0,360,3,1.3045004000887275,544681450.0,108936290.0
confirm_s10611_K1_random_norm,confirm,10611,1,random_norm,0.699,0.6898,True,306256,24.53848069999367,2400,307200,6546222,19200,238080,147002880,80185902.0,31184941.999999996,25756285.140738253,138240.0,2400,20,8.3213191999821,80185902.0,80185902.0,2280,291840,5550890,18240,226560,147002880,79183850.0,30182890.0,24336261.83902469,131520.0,2280,19,7.801274499972351,79183850.0,79183850.0,2280,291840,5550890,18240,226560,147002880,79183850.0,30182890.0,24336261.83902469,131520.0,2280,19,8.16212120000273,79183850.0,79183850.0
confirm_s10611_K4_random_norm,confirm,10611,4,random_norm,0.703,0.6891,True,1225024,19.381245900061913,2400,307200,143442654,19200,261120,588011520,437598174.0,241594333.99999997,239023086.0711119,149760.0,2400,5,8.745150499977171,564426440.0,437598174.0,2280,291840,116913228,18240,249600,588011520,411062028.0,215058187.99999997,204952001.55044055,143040.0,2280,4,8.272088499972597,509907496.0,411062028.0,480,61440,30817010,3840,53760,147002880,104349170.0,55348209.99999999,60173910.46450253,30720.0,480,4,1.9050084999762475,417396680.0,104349170.0
confirm_s10611_K4_channel_norm,confirm,10611,4,channel_norm,0.7055,0.6828,True,1225024,19.247604900039732,2400,307200,92948696,19200,261120,588011520,387104216.0,191100376.0,257538453.38072017,149760.0,2400,5,8.92258190002758,505778416.0,387104216.0,2280,291840,100337122,18240,249600,588011520,394485922.0,198482082.0,262824469.68829158,143040.0,2280,4,8.107085099909455,534235136.0,394485922.0,480,61440,58992562,3840,53760,147002880,132524722.0,83523762.0,155397074.79922444,30720.0,480,4,1.7725090999156237,530098888.0,132524722.0
confirm_s10612_K1_random_norm,confirm,10612,1,random_norm,0.638,0.6402,True,306256,25.15171620005276,2400,307200,10336140,19200,238080,147002880,83975820.0,34974859.99999999,50196269.94382919,138240.0,2400,20,8.397443299996667,83975820.0,83975820.0,2280,291840,11178344,18240,226560,147002880,84811304.0,35810343.99999999,52878447.644816376,131520.0,2280,19,8.358163499971852,84811304.0,84811304.0,2280,291840,11178344,18240,226560,147002880,84811304.0,35810343.99999999,52878447.644816376,131520.0,2280,19,8.13786729995627,84811304.0,84811304.0
confirm_s10612_K4_random_norm,confirm,10612,4,random_norm,0.69,0.6912,True,1225024,19.958148800069466,2400,307200,237769502,19200,261120,588011520,531925022.0,335921182.0,493882944.8109015,149760.0,2400,5,8.807530699996278,658600160.0,531925022.0,2280,291840,267361488,18240,249600,588011520,561510288.0,365506448.0,530888885.32964975,143040.0,2280,4,8.806507000001147,683861800.0,561510288.0,480,61440,67988832,3840,53760,147002880,141520992.0,92520032.0,113376342.67890458,30720.0,480,4,1.8568585000466555,566083968.0,141520992.0
confirm_s10612_K4_channel_norm,confirm,10612,4,channel_norm,0.652,0.6577,True,1225024,20.46395120001398,2400,307200,216293300,19200,261120,588011520,510448820.0,314444980.0,566031656.810066,149760.0,2400,5,9.338996900012717,774671184.0,510448820.0,2280,291840,216178454,18240,249600,588011520,510327254.0,314323414.0,562747511.3592533,143040.0,2280,4,8.775324800051749,774671184.0,510327254.0,480,61440,6622786,3840,53760,147002880,80154946.0,31153985.999999996,14241151.55298352,30720.0,480,4,1.8960541998967528,320619784.0,80154946.0
confirm_s10613_K1_random_norm,confirm,10613,1,random_norm,0.6745,0.6678,True,306256,28.70477239997126,2400,307200,7120452,19200,238080,147002880,80760132.0,31759171.999999996,32999943.203480862,138240.0,2400,20,9.508731100009754,80760132.0,80760132.0,2280,291840,7847810,18240,226560,147002880,81480770.0,32479809.999999996,33413307.506203633,131520.0,2280,19,9.487955400021747,81480770.0,81480770.0,2280,291840,7847810,18240,226560,147002880,81480770.0,32479809.999999996,33413307.506203633,131520.0,2280,19,9.467408399912529,81480770.0,81480770.0
confirm_s10613_K4_random_norm,confirm,10613,4,random_norm,0.6835,0.6761,True,1225024,20.634692799998447,2400,307200,213383868,19200,261120,588011520,507539388.0,311535548.0,370607510.1201811,149760.0,2400,5,9.36925149988383,654771960.0,507539388.0,2280,291840,221461370,18240,249600,588011520,515610170.0,319606330.0,372651244.9087671,143040.0,2280,4,8.865817100042477,655077992.0,515610170.0,480,61440,34377236,3840,53760,147002880,107909396.0,58908435.99999999,72386755.66834748,30720.0,480,4,1.9152506000827998,431637584.0,107909396.0
confirm_s10613_K4_channel_norm,confirm,10613,4,channel_norm,0.705,0.6964,True,1225024,18.900333800003864,2400,307200,124837602,19200,261120,588011520,418993122.0,222989282.0,345762826.6939002,149760.0,2400,5,8.858430200023577,584026824.0,418993122.0,2280,291840,131460388,18240,249600,588011520,425609188.0,229605348.0,345471594.4051308,143040.0,2280,4,7.931588499923237,588925128.0,425609188.0,480,61440,39660152,3840,53760,147002880,113192312.0,64191351.99999999,89079744.43842682,30720.0,480,4,1.6851955000311136,452769248.0,113192312.0
stress_s10621_K1_random_norm,stress,10621,1,random_norm,0.6275,0.6393,True,306256,25.081997800036334,2400,307200,10757242,19200,238080,147002880,84396922.0,35395961.99999999,37558685.12996811,138240.0,2400,20,8.367450000019744,84396922.0,84396922.0,2280,291840,11905702,18240,226560,147002880,85538662.0,36537701.99999999,41316350.79601866,131520.0,2280,19,7.766761700040661,85538662.0,85538662.0,2280,291840,11905702,18240,226560,147002880,85538662.0,36537701.99999999,41316350.79601866,131520.0,2280,19,8.672963200020604,85538662.0,85538662.0
stress_s10621_K4_random_norm,stress,10621,4,random_norm,0.6485,0.6459,True,1225024,20.31479199999012,2400,307200,247799386,19200,261120,588011520,541954906.0,345951066.0,459528598.4159365,149760.0,2400,5,9.074645100045018,768239808.0,541954906.0,2280,291840,282865698,18240,249600,588011520,577014498.0,381010658.0,509628339.25616133,143040.0,2280,4,8.897253599949181,801614992.0,577014498.0,480,61440,92604158,3840,53760,147002880,166136318.0,117135358.0,163249657.2643465,30720.0,480,4,1.8733756999718025,664545272.0,166136318.0
stress_s10621_K4_channel_norm,stress,10621,4,channel_norm,0.649,0.6521,True,1225024,20.92771439999342,2400,307200,137049560,19200,261120,588011520,431205080.0,235201240.0,404696160.2043208,149760.0,2400,5,9.437284099985845,634099680.0,431205080.0,2280,291840,140303530,18240,249600,588011520,434452330.0,238448490.0,404323233.3692673,143040.0,2280,4,9.14636629994493,634099680.0,434452330.0,480,61440,14547160,3840,53760,147002880,88079320.0,39078359.99999999,34596830.90029887,30720.0,480,4,1.871585699962452,352317280.0,88079320.0
