case,seed,K,method,exact,DL_saving_vs_full,total_saving_vs_full,total_saving_vs_raw,full_encode_ms_per_model,full_decode_ms_per_model,xor_encode_ms_per_model,xor_decode_ms_per_model,cache_KiB,full_DL_bytes,xor_DL_bytes,raw_total_RE,full_total_RE,xor_total_RE
confirm_s10611_K1_random_norm,10611,1,random_norm,True,0.1681804108781847,0.15522547007358267,0.213072685929922,4.766415831788133,0.6277508335188031,15.88843500164027,0.8248658297816291,149.5390625,17021590,14158892,79191530.0,73768770.0,62317978.0
confirm_s10611_K4_random_norm,10611,4,random_norm,True,0.1558962333022692,0.10728375518778444,0.1537405163149328,4.7225191665347666,0.6208549961835766,14.859341671884371,0.8188058282636727,149.5390625,17019603,14366311,104356850.0,98926142.0,88312974.0
confirm_s10611_K4_channel_norm,10611,4,channel_norm,True,0.1555675774621874,0.08333223064681716,0.12081033587544876,4.710736666068745,0.6305600060538078,14.744190842611715,0.8192883329077935,149.5390625,17022628,14374459,132532402.0,127113794.0,116521118.0
confirm_s10612_K1_random_norm,10612,1,random_norm,True,0.16345357409642036,0.14017287762229924,0.19504072343049994,4.711474994352709,0.6274200015468523,15.40552499354817,0.8225774993964782,149.5390625,17024149,14241491,84818984.0,79406460.0,68275828.0
confirm_s10612_K4_random_norm,10612,4,random_norm,True,0.15473837810207114,0.07741206780701015,0.11270536050815205,4.738907497570229,0.6277158351925513,14.778430837516984,0.822730825166218,149.5390625,17023747,14389520,141528672.0,136114540.0,125577632.0
confirm_s10612_K4_channel_norm,10612,4,channel_norm,True,0.15690372513968553,0.14293838116981905,0.2007690716120003,4.716090001359892,0.6248850006765375,15.002410839466998,0.8181391652518263,149.5390625,17025026,14353736,80162626.0,74753610.0,64068450.0
confirm_s10613_K1_random_norm,10613,1,random_norm,True,0.17181587156457523,0.15379319010229786,0.21006608912060543,4.727884995130201,0.639038331185778,16.118937493107904,0.8232841656232873,149.5390625,17022531,14097790,81488450.0,76069454.0,64370490.0
confirm_s10613_K4_random_norm,10613,4,random_norm,True,0.15609105930590095,0.10369174397166936,0.14870806914746282,4.725302500689092,0.6402366590918973,14.836818330028715,0.8148358368392413,149.5390625,17022269,14365245,107917076.0,102497032.0,91868936.0
confirm_s10613_K4_channel_norm,10613,4,channel_norm,True,0.15720150158504298,0.09931475509096388,0.14238011606926615,4.703684158933659,0.6364133364210526,14.911159987483794,0.8165000006556511,149.5390625,17024144,14347923,113199992.0,107787448.0,97082564.0
